{"AvgReturnDelta": -0.1288751501258351, "AvgExReturnDelta": -0.1725580369863709, "PercentCall": 0.4036144578313253}