{"AvgReturnDelta": 0.01595120054437643, "AvgExReturnDelta": -0.03204213790466227, "PercentCall": 0.0}